{"is_source_file": true, "format": "JavaScript", "description": "React component 'App' implementing a to-do list UI with CRUD functionality, network loading/error states, and state management for tasks.", "external_files": ["./components/Header", "./components/TaskForm", "./components/TaskList", "./services/api", "./App.css"], "external_methods": ["fetchTasks", "createTask", "updateTask", "deleteTask"], "published": ["App"], "classes": [], "methods": [{"name": "App()", "description": "Main React functional component managing to-do list state, loading data, and handling user interactions.", "scope": "", "scopeKind": ""}, {"name": "addMutating(id)", "scope": "App", "scopeKind": "function", "description": "unavailable"}, {"name": "handleAdd(title)", "scope": "App", "scopeKind": "function", "description": "unavailable"}, {"name": "handleDelete(id)", "scope": "App", "scopeKind": "function", "description": "unavailable"}, {"name": "handleEdit(id, title)", "scope": "App", "scopeKind": "function", "description": "unavailable"}, {"name": "handleToggle(id, completed)", "scope": "App", "scopeKind": "function", "description": "unavailable"}, {"name": "load()", "scope": "App", "scopeKind": "function", "description": "unavailable"}, {"name": "removeMutating(id)", "scope": "App", "scopeKind": "function", "description": "unavailable"}], "calls": ["useState", "useEffect", "useMemo", "fetchTasks", "createTask", "updateTask", "deleteTask", "setTasks", "setError", "addMutating", "removeMutating"], "search-terms": ["React to-do list", "CRUD with network", "useState hooks", "async network calls", "task mutation management", "conditional rendering React", "error handling React", "optimistic updates"], "state": 2, "file_id": 8, "knowledge_revision": 31, "git_revision": "df66c733b308c056ff4d8c8571b190de52180644", "revision_history": [{"25": "f572139320c78635a4c951feaa12a1e0738f3fc3"}, {"31": "df66c733b308c056ff4d8c8571b190de52180644"}], "ctags": [{"_type": "tag", "name": "App", "path": "/home/kavia/workspace/code-generation/simple-to-do-list-311518-311528/todo_frontend/src/App.js", "pattern": "/^function App() {$/", "language": "JavaScript", "kind": "function", "signature": "()"}, {"_type": "tag", "name": "addMutating", "path": "/home/kavia/workspace/code-generation/simple-to-do-list-311518-311528/todo_frontend/src/App.js", "pattern": "/^  function addMutating(id) {$/", "language": "JavaScript", "kind": "function", "signature": "(id)", "scope": "App", "scopeKind": "function"}, {"_type": "tag", "name": "handleAdd", "path": "/home/kavia/workspace/code-generation/simple-to-do-list-311518-311528/todo_frontend/src/App.js", "pattern": "/^  async function handleAdd(title) {$/", "language": "JavaScript", "kind": "function", "signature": "(title)", "scope": "App", "scopeKind": "function"}, {"_type": "tag", "name": "handleDelete", "path": "/home/kavia/workspace/code-generation/simple-to-do-list-311518-311528/todo_frontend/src/App.js", "pattern": "/^  async function handleDelete(id) {$/", "language": "JavaScript", "kind": "function", "signature": "(id)", "scope": "App", "scopeKind": "function"}, {"_type": "tag", "name": "handleEdit", "path": "/home/kavia/workspace/code-generation/simple-to-do-list-311518-311528/todo_frontend/src/App.js", "pattern": "/^  async function handleEdit(id, title) {$/", "language": "JavaScript", "kind": "function", "signature": "(id, title)", "scope": "App", "scopeKind": "function"}, {"_type": "tag", "name": "handleToggle", "path": "/home/kavia/workspace/code-generation/simple-to-do-list-311518-311528/todo_frontend/src/App.js", "pattern": "/^  async function handleToggle(id, completed) {$/", "language": "JavaScript", "kind": "function", "signature": "(id, completed)", "scope": "App", "scopeKind": "function"}, {"_type": "tag", "name": "load", "path": "/home/kavia/workspace/code-generation/simple-to-do-list-311518-311528/todo_frontend/src/App.js", "pattern": "/^  async function load() {$/", "language": "JavaScript", "kind": "function", "signature": "()", "scope": "App", "scopeKind": "function"}, {"_type": "tag", "name": "removeMutating", "path": "/home/kavia/workspace/code-generation/simple-to-do-list-311518-311528/todo_frontend/src/App.js", "pattern": "/^  function removeMutating(id) {$/", "language": "JavaScript", "kind": "function", "signature": "(id)", "scope": "App", "scopeKind": "function"}], "hash": "022b5e5d78d88ecf2b76b5ad1027beaf", "format-version": 4, "code-base-name": "todo_frontend", "filename": "todo_frontend/src/App.js"}