{"is_source_file": false, "format": "", "description": "", "external_files": [], "external_methods": [], "published": [], "classes": [], "methods": [], "calls": [], "search-terms": [], "state": 2, "file_id": 6, "knowledge_revision": 33, "git_revision": "df66c733b308c056ff4d8c8571b190de52180644", "hash": "453fe43e11d2dbce7480dba78b610048", "format-version": 4, "code-base-name": "todo_frontend", "filename": "todo_frontend/src/index.css", "revision_history": [{"33": "df66c733b308c056ff4d8c8571b190de52180644"}]}