{"is_source_file": false, "format": "", "description": "", "external_files": [], "external_methods": [], "published": [], "classes": [], "methods": [], "calls": [], "search_terms": [], "state": 2, "file_id": 11, "knowledge_revision": 18, "git_revision": "f572139320c78635a4c951feaa12a1e0738f3fc3", "hash": "d2b40d02d5f7873d8a6713bad837edd4", "format-version": 4, "code-base-name": "todo_frontend", "filename": "todo_frontend/public/index.html", "revision_history": [{"18": "f572139320c78635a4c951feaa12a1e0738f3fc3"}]}