{"is_source_file": true, "format": "JavaScript (React JSX)", "description": "This file defines a React functional component named TaskForm, which provides a controlled input form for adding new tasks in a to-do list application. It includes validation, handles submitting the input, and disables inputs when submitting.", "external_files": ["react"], "external_methods": ["React.useState", "React.useMemo"], "published": [], "classes": [], "methods": [{"name": "TaskForm({ onAdd, isSubmitting })", "description": "React functional component for rendering a task input form with validation and submit handling.", "scope": "", "scopeKind": ""}, {"name": "handleSubmit(e)", "description": "Asynchronous function handling the form submission, validating input, calling onAdd, and resetting state.", "scope": "TaskForm", "scopeKind": "function"}], "calls": ["React.useState", "React.useMemo", "setTitle", "setTouched", "onAdd", "setTitle", "setTouched"], "search-terms": ["TaskForm", "task input", "React component", "form validation", "task addition", "useMemo", "useState"], "state": 2, "file_id": 15, "knowledge_revision": 37, "git_revision": "df66c733b308c056ff4d8c8571b190de52180644", "ctags": [{"_type": "tag", "name": "TaskForm", "path": "/home/kavia/workspace/code-generation/simple-to-do-list-311518-311528/todo_frontend/src/components/TaskForm.js", "pattern": "/^export default function TaskForm({ onAdd, isSubmitting }) {$/", "language": "JavaScript", "kind": "function", "signature": "({ onAdd, isSubmitting })"}, {"_type": "tag", "name": "handleSubmit", "path": "/home/kavia/workspace/code-generation/simple-to-do-list-311518-311528/todo_frontend/src/components/TaskForm.js", "pattern": "/^  async function handleSubmit(e) {$/", "language": "JavaScript", "kind": "function", "signature": "(e)", "scope": "TaskForm", "scopeKind": "function"}, {"_type": "tag", "name": "input ${error ? \"input--error\" : \"\"}", "path": "/home/kavia/workspace/code-generation/simple-to-do-list-311518-311528/todo_frontend/src/components/TaskForm.js", "pattern": "/^            className={`input ${error ? \"input--error\" : \"\"}`}$/", "language": "JavaScript", "kind": "field", "scope": "TaskForm.className", "scopeKind": "class"}, {"_type": "tag", "name": "isSubmitting", "path": "/home/kavia/workspace/code-generation/simple-to-do-list-311518-311528/todo_frontend/src/components/TaskForm.js", "pattern": "/^            disabled={isSubmitting}$/", "language": "JavaScript", "kind": "field", "scope": "TaskForm.disabled", "scopeKind": "class"}, {"_type": "tag", "name": "title", "path": "/home/kavia/workspace/code-generation/simple-to-do-list-311518-311528/todo_frontend/src/components/TaskForm.js", "pattern": "/^            value={title}$/", "language": "JavaScript", "kind": "field", "scope": "TaskForm.value", "scopeKind": "class"}], "hash": "5e6ff182fddfc62ba77562fa1791a471", "format-version": 4, "code-base-name": "todo_frontend", "filename": "todo_frontend/src/components/TaskForm.js", "fields": [{"name": "className={`input ${error ? \"input--error\" : \"\"}`}", "scope": "TaskForm.className", "scopeKind": "class", "description": "unavailable"}, {"name": "disabled={isSubmitting}", "scope": "TaskForm.disabled", "scopeKind": "class", "description": "unavailable"}, {"name": "value={title}", "scope": "TaskForm.value", "scopeKind": "class", "description": "unavailable"}], "revision_history": [{"37": "df66c733b308c056ff4d8c8571b190de52180644"}]}