{"is_source_file": true, "format": "JavaScript (React component)", "description": "This file defines a React functional component named Header that renders the header section of a to-do list application, including the title and subtitle.", "external_files": ["react"], "external_methods": [], "published": ["Header"], "classes": [], "methods": [{"name": "Header()", "description": "A React functional component that returns JSX for the app's header section.", "scope": "", "scopeKind": ""}], "calls": [], "search-terms": ["Header", "React", "component", "app header", "to-do list", "title", "subtitle", "JSX", "React component"], "state": 2, "file_id": 14, "knowledge_revision": 36, "git_revision": "df66c733b308c056ff4d8c8571b190de52180644", "ctags": [{"_type": "tag", "name": "Header", "path": "/home/kavia/workspace/code-generation/simple-to-do-list-311518-311528/todo_frontend/src/components/Header.js", "pattern": "/^export default function Header() {$/", "language": "JavaScript", "kind": "function", "signature": "()"}], "hash": "5c5d64e506ad9c44fa6645a47498e967", "format-version": 4, "code-base-name": "todo_frontend", "filename": "todo_frontend/src/components/Header.js", "revision_history": [{"36": "df66c733b308c056ff4d8c8571b190de52180644"}]}