{"is_source_file": true, "file_id": 14, "git_revision": "", "state": 1, "description": "", "external_files": [], "external_methods": [], "published": [], "classes": [], "methods": [], "calls": [], "search-terms": [], "ctags": [{"_type": "tag", "name": "Header", "path": "/home/kavia/workspace/code-generation/simple-to-do-list-311518-311528/todo_frontend/src/components/Header.js", "pattern": "/^export default function Header() {$/", "language": "JavaScript", "kind": "function", "signature": "()"}], "format": "JavaScript", "hash": "5c5d64e506ad9c44fa6645a47498e967", "format-version": 4, "code-base-name": "todo_frontend", "filename": "todo_frontend/src/components/Header.js", "knowledge_revision": 27}