{"is_source_file": true, "format": "JavaScript/React", "description": "This file initializes and renders the React application by attaching it to the DOM element with id 'root'. It imports React, ReactDOM, global styles, and the main App component.", "external_files": ["./index.css", "./App"], "external_methods": ["ReactDOM.createRoot", "root.render"], "published": [], "classes": [], "methods": [{"name": "ReactDOM.createRoot", "description": "Creates a React root for rendering React components into the DOM."}, {"name": "root.render", "description": "Renders the React component tree into the specified DOM node."}], "calls": ["ReactDOM.createRoot", "root.render"], "search-terms": ["React", "ReactDOM", "index.js", "render", "main entry point"], "state": 2, "file_id": 4, "knowledge_revision": 24, "git_revision": "f572139320c78635a4c951feaa12a1e0738f3fc3", "ctags": [{"_type": "tag", "name": "root", "path": "/home/kavia/workspace/code-generation/simple-to-do-list-311518-311528/todo_frontend/src/index.js", "pattern": "/^const root = ReactDOM.createRoot(document.getElementById('root'));$/", "language": "JavaScript", "kind": "constant"}], "hash": "9fc5841375336fc175b49f8767a11383", "format-version": 4, "code-base-name": "todo_frontend", "filename": "todo_frontend/src/index.js", "revision_history": [{"24": "f572139320c78635a4c951feaa12a1e0738f3fc3"}]}