{"is_source_file": true, "file_id": 13, "git_revision": "", "state": 1, "description": "", "external_files": [], "external_methods": [], "published": [], "classes": [], "methods": [], "calls": [], "search-terms": [], "ctags": [{"_type": "tag", "name": "API_BASE_URL", "path": "/home/kavia/workspace/code-generation/simple-to-do-list-311518-311528/todo_frontend/src/services/api.js", "pattern": "/^const API_BASE_URL = \"\"; \\/\\/ TODO(next step): Set backend base URL here (or via env).$/", "language": "JavaScript", "kind": "constant"}, {"_type": "tag", "name": "buildUrl", "path": "/home/kavia/workspace/code-generation/simple-to-do-list-311518-311528/todo_frontend/src/services/api.js", "pattern": "/^function buildUrl(path) {$/", "language": "JavaScript", "kind": "function", "signature": "(path)"}, {"_type": "tag", "name": "createTask", "path": "/home/kavia/workspace/code-generation/simple-to-do-list-311518-311528/todo_frontend/src/services/api.js", "pattern": "/^export async function createTask(payload) {$/", "language": "JavaScript", "kind": "function", "signature": "(payload)"}, {"_type": "tag", "name": "deleteTask", "path": "/home/kavia/workspace/code-generation/simple-to-do-list-311518-311528/todo_frontend/src/services/api.js", "pattern": "/^export async function deleteTask(id) {$/", "language": "JavaScript", "kind": "function", "signature": "(id)"}, {"_type": "tag", "name": "fetchTasks", "path": "/home/kavia/workspace/code-generation/simple-to-do-list-311518-311528/todo_frontend/src/services/api.js", "pattern": "/^export async function fetchTasks() {$/", "language": "JavaScript", "kind": "function", "signature": "()"}, {"_type": "tag", "name": "parseJson", "path": "/home/kavia/workspace/code-generation/simple-to-do-list-311518-311528/todo_frontend/src/services/api.js", "pattern": "/^async function parseJson(res) {$/", "language": "JavaScript", "kind": "function", "signature": "(res)"}, {"_type": "tag", "name": "throwIfNotOk", "path": "/home/kavia/workspace/code-generation/simple-to-do-list-311518-311528/todo_frontend/src/services/api.js", "pattern": "/^async function throwIfNotOk(res) {$/", "language": "JavaScript", "kind": "function", "signature": "(res)"}, {"_type": "tag", "name": "updateTask", "path": "/home/kavia/workspace/code-generation/simple-to-do-list-311518-311528/todo_frontend/src/services/api.js", "pattern": "/^export async function updateTask(id, payload) {$/", "language": "JavaScript", "kind": "function", "signature": "(id, payload)"}], "format": "JavaScript", "hash": "200b8d438f5a35ab423a0662915e23b2", "format-version": 4, "code-base-name": "todo_frontend", "filename": "todo_frontend/src/services/api.js", "knowledge_revision": 26}