{"is_source_file": true, "file_id": 15, "git_revision": "", "state": 1, "description": "", "external_files": [], "external_methods": [], "published": [], "classes": [], "methods": [], "calls": [], "search-terms": [], "ctags": [{"_type": "tag", "name": "TaskForm", "path": "/home/kavia/workspace/code-generation/simple-to-do-list-311518-311528/todo_frontend/src/components/TaskForm.js", "pattern": "/^export default function TaskForm({ onAdd, isSubmitting }) {$/", "language": "JavaScript", "kind": "function", "signature": "({ onAdd, isSubmitting })"}, {"_type": "tag", "name": "handleSubmit", "path": "/home/kavia/workspace/code-generation/simple-to-do-list-311518-311528/todo_frontend/src/components/TaskForm.js", "pattern": "/^  async function handleSubmit(e) {$/", "language": "JavaScript", "kind": "function", "signature": "(e)", "scope": "TaskForm", "scopeKind": "function"}, {"_type": "tag", "name": "input ${error ? \"input--error\" : \"\"}", "path": "/home/kavia/workspace/code-generation/simple-to-do-list-311518-311528/todo_frontend/src/components/TaskForm.js", "pattern": "/^            className={`input ${error ? \"input--error\" : \"\"}`}$/", "language": "JavaScript", "kind": "field", "scope": "TaskForm.className", "scopeKind": "class"}, {"_type": "tag", "name": "isSubmitting", "path": "/home/kavia/workspace/code-generation/simple-to-do-list-311518-311528/todo_frontend/src/components/TaskForm.js", "pattern": "/^            disabled={isSubmitting}$/", "language": "JavaScript", "kind": "field", "scope": "TaskForm.disabled", "scopeKind": "class"}, {"_type": "tag", "name": "title", "path": "/home/kavia/workspace/code-generation/simple-to-do-list-311518-311528/todo_frontend/src/components/TaskForm.js", "pattern": "/^            value={title}$/", "language": "JavaScript", "kind": "field", "scope": "TaskForm.value", "scopeKind": "class"}], "format": "JavaScript", "hash": "5e6ff182fddfc62ba77562fa1791a471", "format-version": 4, "code-base-name": "todo_frontend", "filename": "todo_frontend/src/components/TaskForm.js", "knowledge_revision": 28}