{"is_source_file": false, "format": "", "description": "", "external_files": [], "external_methods": [], "published": [], "classes": [], "methods": [], "calls": [], "search-terms": [], "state": 2, "file_id": 5, "knowledge_revision": 32, "git_revision": "df66c733b308c056ff4d8c8571b190de52180644", "hash": "eec785930cb3ca53f9282b5743e0f7c3", "format-version": 4, "code-base-name": "todo_frontend", "filename": "todo_frontend/src/App.css", "revision_history": [{"32": "df66c733b308c056ff4d8c8571b190de52180644"}]}