{"is_source_file": true, "format": "JavaScript", "description": "This file defines an API client for a todo list web application, providing functions to fetch, create, update, and delete tasks via HTTP requests to a backend server. It includes utility functions for URL building, parsing JSON responses, and error handling.", "external_files": ["fetch API (built-in in browsers)"], "external_methods": ["fetch"], "published": ["fetchTasks", "createTask", "updateTask", "deleteTask"], "classes": [], "methods": [{"name": "buildUrl(path)", "description": "Constructs a full URL by appending the given API path to the base URL.", "scope": "", "scopeKind": ""}, {"name": "parseJson(res)", "description": "Parses a fetch response as JSON safely, returning null on errors.", "scope": "", "scopeKind": ""}, {"name": "throwIfNotOk(res)", "description": "Checks the HTTP response status, throws an error with a meaningful message if the response indicates failure.", "scope": "", "scopeKind": ""}, {"name": "createTask(payload)", "scope": "", "scopeKind": "", "description": "unavailable"}, {"name": "deleteTask(id)", "scope": "", "scopeKind": "", "description": "unavailable"}, {"name": "fetchTasks()", "scope": "", "scopeKind": "", "description": "unavailable"}, {"name": "updateTask(id, payload)", "scope": "", "scopeKind": "", "description": "unavailable"}], "calls": ["fetch", "buildUrl", "throwIfNotOk", "parseJson"], "search-terms": ["api.js", "fetchTasks", "createTask", "updateTask", "deleteTask", "API client", "todo app", "fetch API", "HTTP request functions"], "state": 2, "file_id": 13, "knowledge_revision": 35, "git_revision": "df66c733b308c056ff4d8c8571b190de52180644", "ctags": [{"_type": "tag", "name": "API_BASE_URL", "path": "/home/kavia/workspace/code-generation/simple-to-do-list-311518-311528/todo_frontend/src/services/api.js", "pattern": "/^const API_BASE_URL = \"\"; \\/\\/ TODO(next step): Set backend base URL here (or via env).$/", "language": "JavaScript", "kind": "constant"}, {"_type": "tag", "name": "buildUrl", "path": "/home/kavia/workspace/code-generation/simple-to-do-list-311518-311528/todo_frontend/src/services/api.js", "pattern": "/^function buildUrl(path) {$/", "language": "JavaScript", "kind": "function", "signature": "(path)"}, {"_type": "tag", "name": "createTask", "path": "/home/kavia/workspace/code-generation/simple-to-do-list-311518-311528/todo_frontend/src/services/api.js", "pattern": "/^export async function createTask(payload) {$/", "language": "JavaScript", "kind": "function", "signature": "(payload)"}, {"_type": "tag", "name": "deleteTask", "path": "/home/kavia/workspace/code-generation/simple-to-do-list-311518-311528/todo_frontend/src/services/api.js", "pattern": "/^export async function deleteTask(id) {$/", "language": "JavaScript", "kind": "function", "signature": "(id)"}, {"_type": "tag", "name": "fetchTasks", "path": "/home/kavia/workspace/code-generation/simple-to-do-list-311518-311528/todo_frontend/src/services/api.js", "pattern": "/^export async function fetchTasks() {$/", "language": "JavaScript", "kind": "function", "signature": "()"}, {"_type": "tag", "name": "parseJson", "path": "/home/kavia/workspace/code-generation/simple-to-do-list-311518-311528/todo_frontend/src/services/api.js", "pattern": "/^async function parseJson(res) {$/", "language": "JavaScript", "kind": "function", "signature": "(res)"}, {"_type": "tag", "name": "throwIfNotOk", "path": "/home/kavia/workspace/code-generation/simple-to-do-list-311518-311528/todo_frontend/src/services/api.js", "pattern": "/^async function throwIfNotOk(res) {$/", "language": "JavaScript", "kind": "function", "signature": "(res)"}, {"_type": "tag", "name": "updateTask", "path": "/home/kavia/workspace/code-generation/simple-to-do-list-311518-311528/todo_frontend/src/services/api.js", "pattern": "/^export async function updateTask(id, payload) {$/", "language": "JavaScript", "kind": "function", "signature": "(id, payload)"}], "hash": "200b8d438f5a35ab423a0662915e23b2", "format-version": 4, "code-base-name": "todo_frontend", "filename": "todo_frontend/src/services/api.js", "revision_history": [{"35": "df66c733b308c056ff4d8c8571b190de52180644"}]}