{"is_source_file": true, "format": "JavaScript", "description": "The file is a setup configuration script for testing, specifically configuring jest-dom matchers for testing React components.", "external_files": ["@testing-library/jest-dom"], "external_methods": [], "published": [], "classes": [], "methods": [], "calls": ["import '@testing-library/jest-dom'"], "search-terms": ["setupTests.js", "jest-dom", "testing-library", "jest matchers", "React testing"], "state": 2, "file_id": 3, "knowledge_revision": 23, "git_revision": "f572139320c78635a4c951feaa12a1e0738f3fc3", "ctags": [], "hash": "1a77571e1a8cf36018a41bcedf60db75", "format-version": 4, "code-base-name": "todo_frontend", "filename": "todo_frontend/src/setupTests.js", "revision_history": [{"23": "f572139320c78635a4c951feaa12a1e0738f3fc3"}]}