{"is_source_file": true, "format": "JavaScript (React JSX)", "description": "This source file defines a React component named TaskItem that renders a single task item in a to-do list application. It handles display, editing, toggling completion state, and deletion of a task.", "external_files": ["react"], "external_methods": ["useMemo", "useState"], "published": [], "classes": [], "methods": [{"name": "TaskItem({ task, onToggle, onEdit, onDelete, isMutating })", "description": "A React functional component that renders a task item with functionalities to toggle completion, edit title, and delete.", "scope": "", "scopeKind": ""}, {"name": "cancelEdit()", "scope": "TaskItem", "scopeKind": "function", "description": "unavailable"}, {"name": "startEdit()", "scope": "TaskItem", "scopeKind": "function", "description": "unavailable"}, {"name": "submitEdit(e)", "scope": "TaskItem", "scopeKind": "function", "description": "unavailable"}], "calls": ["React", "useMemo", "useState", "setDraftTitle", "setTouched", "setIsEditing", "trimmed", "onEdit", "onToggle", "onDelete"], "search-terms": ["TaskItem", "task editing", "task toggling", "task deletion", "React component", "task list UI"], "state": 2, "file_id": 16, "knowledge_revision": 38, "git_revision": "df66c733b308c056ff4d8c8571b190de52180644", "ctags": [{"_type": "tag", "name": "TaskItem", "path": "/home/kavia/workspace/code-generation/simple-to-do-list-311518-311528/todo_frontend/src/components/TaskItem.js", "pattern": "/^export default function TaskItem({ task, onToggle, onEdit, onDelete, isMutating }) {$/", "language": "JavaScript", "kind": "function", "signature": "({ task, onToggle, onEdit, onDelete, isMutating })"}, {"_type": "tag", "name": "cancelEdit", "path": "/home/kavia/workspace/code-generation/simple-to-do-list-311518-311528/todo_frontend/src/components/TaskItem.js", "pattern": "/^  function cancelEdit() {$/", "language": "JavaScript", "kind": "function", "signature": "()", "scope": "TaskItem", "scopeKind": "function"}, {"_type": "tag", "name": "completed ? \"task-item--completed\" : \"\"}", "path": "/home/kavia/workspace/code-generation/simple-to-do-list-311518-311528/todo_frontend/src/components/TaskItem.js", "pattern": "/^    <li className={`task-item ${task.completed ? \"task-item--completed\" : \"\"}`}>$/", "language": "JavaScript", "kind": "field", "scope": "TaskItem.AnonymousClassab5b5cf80101.task-item ${task", "scopeKind": "class"}, {"_type": "tag", "name": "isMutating", "path": "/home/kavia/workspace/code-generation/simple-to-do-list-311518-311528/todo_frontend/src/components/TaskItem.js", "pattern": "/^          disabled={isMutating}$/", "language": "JavaScript", "kind": "field", "scope": "TaskItem.disabled", "scopeKind": "class"}, {"_type": "tag", "name": "startEdit", "path": "/home/kavia/workspace/code-generation/simple-to-do-list-311518-311528/todo_frontend/src/components/TaskItem.js", "pattern": "/^  function startEdit() {$/", "language": "JavaScript", "kind": "function", "signature": "()", "scope": "TaskItem", "scopeKind": "function"}, {"_type": "tag", "name": "submitEdit", "path": "/home/kavia/workspace/code-generation/simple-to-do-list-311518-311528/todo_frontend/src/components/TaskItem.js", "pattern": "/^  async function submitEdit(e) {$/", "language": "JavaScript", "kind": "function", "signature": "(e)", "scope": "TaskItem", "scopeKind": "function"}, {"_type": "tag", "name": "task", "path": "/home/kavia/workspace/code-generation/simple-to-do-list-311518-311528/todo_frontend/src/components/TaskItem.js", "pattern": "/^          aria-label={task.completed ? \"Mark as incomplete\" : \"Mark as complete\"}$/", "language": "JavaScript", "kind": "field", "scope": "TaskItem.aria", "scopeKind": "class"}, {"_type": "tag", "name": "task", "path": "/home/kavia/workspace/code-generation/simple-to-do-list-311518-311528/todo_frontend/src/components/TaskItem.js", "pattern": "/^          checked={task.completed}$/", "language": "JavaScript", "kind": "field", "scope": "TaskItem.checked", "scopeKind": "class"}], "hash": "c02d98fa742b07f9f862ba4d81040374", "format-version": 4, "code-base-name": "todo_frontend", "filename": "todo_frontend/src/components/TaskItem.js", "fields": [{"name": "<li className={`task-item ${task.completed ? \"task-item--completed\" : \"\"}`}>", "scope": "TaskItem.AnonymousClassab5b5cf80101.task-item ${task", "scopeKind": "class", "description": "unavailable"}, {"name": "disabled={isMutating}", "scope": "TaskItem.disabled", "scopeKind": "class", "description": "unavailable"}, {"name": "aria-label={task.completed ? \"Mark as incomplete\" : \"Mark as complete\"}", "scope": "TaskItem.aria", "scopeKind": "class", "description": "unavailable"}, {"name": "checked={task.completed}", "scope": "TaskItem.checked", "scopeKind": "class", "description": "unavailable"}], "revision_history": [{"38": "df66c733b308c056ff4d8c8571b190de52180644"}]}