{"is_source_file": false, "format": "", "description": "", "external_files": [], "external_methods": [], "published": [], "classes": [], "methods": [], "calls": [], "search-terms": ["CSS", "theme", "App", "toggle"], "state": 2, "file_id": 5, "knowledge_revision": 16, "git_revision": "f572139320c78635a4c951feaa12a1e0738f3fc3", "hash": "22f9e17cc1848b56dbb244518ac2707e", "format-version": 4, "code-base-name": "todo_frontend", "filename": "todo_frontend/src/App.css", "revision_history": [{"16": "f572139320c78635a4c951feaa12a1e0738f3fc3"}]}