{"is_source_file": true, "format": "JavaScript (React JSX)", "description": "This file defines a React functional component called TaskList that renders a list of tasks, including handling empty state. It imports another component called TaskItem and manages how tasks are displayed and interacted with.", "external_files": ["./TaskItem"], "external_methods": [], "published": [], "classes": [], "methods": [{"name": "TaskList({ tasks, onToggle, onEdit, onDelete, isTaskMutating })", "description": "React component that displays a list of tasks with header and count, or an empty state message if no tasks are provided.", "scope": "", "scopeKind": ""}], "calls": ["TaskItem", "tasks.map"], "search-terms": ["React", "TaskList component", "task list rendering", "TaskItem import", "empty state handling"], "state": 2, "file_id": 17, "knowledge_revision": 39, "git_revision": "df66c733b308c056ff4d8c8571b190de52180644", "ctags": [{"_type": "tag", "name": "TaskList", "path": "/home/kavia/workspace/code-generation/simple-to-do-list-311518-311528/todo_frontend/src/components/TaskList.js", "pattern": "/^export default function TaskList({ tasks, onToggle, onEdit, onDelete, isTaskMutating }) {$/", "language": "JavaScript", "kind": "function", "signature": "({ tasks, onToggle, onEdit, onDelete, isTaskMutating })"}], "hash": "8e43ee803993b4fff89b53575962fcec", "format-version": 4, "code-base-name": "todo_frontend", "filename": "todo_frontend/src/components/TaskList.js", "revision_history": [{"39": "df66c733b308c056ff4d8c8571b190de52180644"}]}